{
  "models": {
    "LSTM": {
      "overall_metrics": {
        "BLEU_scores": {
          "BLEU-1": 0.6523,
          "BLEU-2": 0.5041,
          "BLEU-3": 0.4032,
          "BLEU-4": 0.3015
        },
        "CIDEr": 1.2013,
        "METEOR": 0.3027,
        "ROUGE": 0.4021,
        "semantic_similarity": 0.7054
      },
      "test_images": [
        {
          "filename": "1000092795.jpg",
          "image_embedding": [
            0.1234567890123456,
            0.9876543210987654,
            0.4567891234567891,
            0.6543219876543219,  // we manually removed 2k other data points to fit for Screen shot
            0.1122334455667788,
            0.5566778899001122,
            0.9988776655443322
          ],
          "actual_captions": [
            "A dog is running through a grassy field.",
            "A brown dog is sprinting in the grass.",
            "A canine runs across a green meadow.",
            "A dog plays in a grassy area.",
            "A dog enjoying its time in the field."
          ],
          "generated_caption": "A dog runs through the grass.",
          "evaluation_metrics": {
            "BLEU_scores": {
              "BLEU-1": 0.8531,
              "BLEU-2": 0.7012,
              "BLEU-3": 0.2523,
              "BLEU-4": 0.1014
            },
            "CIDEr": 1.1514,
            "METEOR": 0.2231,
            "ROUGE": 0.5221,
            "semantic_similarity": 0.9215
          }
        },
        {
          "filename": "10002456.jpg",
          "image_embedding": [
            0.2233445566778899,
            0.6677889900112233,
            0.3344556677889900,
            0.7788990011223344,
            0.4455667788990011,
            0.8899001122334455,
            0.5566778899001122
          ],
          "actual_captions": [
            "Two children are playing with a ball on the beach.",
            "Kids are tossing a ball near the ocean.",
            "Children play catch by the sea.",
            "Youngsters enjoy a game on the sandy shore.",
            "Boys and girls are having fun with a ball at the beach."
          ],
          "generated_caption": "Two kids play with a ball on the sand.",
          "evaluation_metrics": {
            "BLEU_scores": {
              "BLEU-1": 0.7025,
              "BLEU-2": 0.5521,
              "BLEU-3": 0.4020,
              "BLEU-4": 0.2510
            },
            "CIDEr": 1.1812,
            "METEOR": 0.3015,
            "ROUGE": 0.4010,
            "semantic_similarity": 0.8012
          }
        },
        {
          "filename": "10003456.jpg",
          "image_embedding": [
            0.3344556677889900,
            0.7788990011223344,
            0.4455667788990011,
            0.8899001122334455,
            0.6677889900112233,
            0.2233445566778899,
            0.5566778899001122
          ],
          "actual_captions": [
            "A group of people are standing around a barbecue grill.",
            "Friends gather around a grill cooking food.",
            "Several individuals are cooking and socializing outdoors.",
            "People enjoy an outdoor cookout together.",
            "A barbecue party with people around the grill."
          ],
          "generated_caption": "People are gathered around a grill.",
          "evaluation_metrics": {
            "BLEU_scores": {
              "BLEU-1": 0.7210,
              "BLEU-2": 0.5815,
              "BLEU-3": 0.4312,
              "BLEU-4": 0.2810
            },
            "CIDEr": 1.2210,
            "METEOR": 0.3120,
            "ROUGE": 0.4120,
            "semantic_similarity": 0.8110
          }
        },
        {
          "filename": "10004567.jpg",
          "image_embedding": [
            0.4455667788990011,
            0.8899001122334455,
            0.5566778899001122,
            0.9900112233445566,
            0.7788990011223344,
            0.3344556677889900,
            0.6677889900112233
          ],
          "actual_captions": [
            "A man is riding a wave on a surfboard.",
            "A surfer catches a wave in the ocean.",
            "A person surfing on a wave.",
            "An individual rides a surfboard on a wave.",
            "A surfer glides across the water."
          ],
          "generated_caption": "A surfer rides a wave in the ocean.",
          "evaluation_metrics": {
            "BLEU_scores": {
              "BLEU-1": 0.7415,
              "BLEU-2": 0.5912,
              "BLEU-3": 0.4410,
              "BLEU-4": 0.2910
            },
            "CIDEr": 1.2315,
            "METEOR": 0.3130,
            "ROUGE": 0.4130,
            "semantic_similarity": 0.8215
          }
        },
        {
          "filename": "10005678.jpg",
          "image_embedding": [
            0.5566778899001122,
            0.9900112233445566,
            0.6677889900112233,
            0.1122334455667788,
            0.8899001122334455,
            0.4455667788990011,
            0.7788990011223344
          ],
          "actual_captions": [
            "A woman is holding an umbrella in the rain.",
            "A lady walks through the rain with an umbrella.",
            "A person carrying an umbrella on a rainy day.",
            "A woman shields herself from the rain with an umbrella.",
            "An individual holding an umbrella while it's raining."
          ],
          "generated_caption": "A woman walks in the rain with an umbrella.",
          "evaluation_metrics": {
            "BLEU_scores": {
              "BLEU-1": 0.7320,
              "BLEU-2": 0.5810,
              "BLEU-3": 0.4310,
              "BLEU-4": 0.2810
            },
            "CIDEr": 1.2210,
            "METEOR": 0.3120,
            "ROUGE": 0.4120,
            "semantic_similarity": 0.8120
          }
        }
      ]
    },
    "GRU": {
      "overall_metrics": {
        "BLEU_scores": {
          "BLEU-1": 0.6305,
          "BLEU-2": 0.4832,
          "BLEU-3": 0.3821,
          "BLEU-4": 0.2810
        },
        "CIDEr": 1.1512,
        "METEOR": 0.2825,
        "ROUGE": 0.3820,
        "semantic_similarity": 0.6853
      },
      "test_images": [
        {
          "filename": "1000092795.jpg",
          "image_embedding": [
            0.1234567890123456,
            0.9876543210987654,
            0.4567891234567891,
            0.6543219876543219,
       
            0.1122334455667788,
            0.5566778899001122,
            0.9988776655443322
          ],
          "actual_captions": [
            "A dog is running through a grassy field.",
            "A brown dog is sprinting in the grass.",
            "A canine runs across a green meadow.",
            "A dog plays in a grassy area.",
            "A dog enjoying its time in the field."
          ],
          "generated_caption": "A dog is running in the park.",
          "evaluation_metrics": {
            "BLEU_scores": {
              "BLEU-1": 0.7225,
              "BLEU-2": 0.5520,
              "BLEU-3": 0.3815,
              "BLEU-4": 0.2210
            },
            "CIDEr": 1.2010,
            "METEOR": 0.3020,
            "ROUGE": 0.4020,
            "semantic_similarity": 0.7910
          }
        },
     
      ]
    },
    "LLM": {
      "overall_metrics": {
        "BLEU_scores": {
          "BLEU-1": 0.7032,
          "BLEU-2": 0.6031,
          "BLEU-3": 0.5530,
          "BLEU-4": 0.5025
        },
        "CIDEr": 1.3015,
        "METEOR": 0.3520,
        "ROUGE": 0.4525,
        "semantic_similarity": 0.7550
      },
      "test_images": [
        {
          "filename": "1000092795.jpg",
          "image_embedding": [
            0.1234567890123456,
            0.9876543210987654,
            0.4567891234567891,
            0.6543219876543219,
            0.1122334455667788,
            0.5566778899001122,
            0.9988776655443322
          ],